-- MySQL dump 10.13  Distrib 8.0.36, for Win64 (x86_64)
--
-- Host: localhost    Database: shoppingappdb
-- ------------------------------------------------------
-- Server version	8.0.36

/*!40101 SET @OLD_CHARACTER_SET_CLIENT=@@CHARACTER_SET_CLIENT */;
/*!40101 SET @OLD_CHARACTER_SET_RESULTS=@@CHARACTER_SET_RESULTS */;
/*!40101 SET @OLD_COLLATION_CONNECTION=@@COLLATION_CONNECTION */;
/*!50503 SET NAMES utf8 */;
/*!40103 SET @OLD_TIME_ZONE=@@TIME_ZONE */;
/*!40103 SET TIME_ZONE='+00:00' */;
/*!40014 SET @OLD_UNIQUE_CHECKS=@@UNIQUE_CHECKS, UNIQUE_CHECKS=0 */;
/*!40014 SET @OLD_FOREIGN_KEY_CHECKS=@@FOREIGN_KEY_CHECKS, FOREIGN_KEY_CHECKS=0 */;
/*!40101 SET @OLD_SQL_MODE=@@SQL_MODE, SQL_MODE='NO_AUTO_VALUE_ON_ZERO' */;
/*!40111 SET @OLD_SQL_NOTES=@@SQL_NOTES, SQL_NOTES=0 */;

--
-- Table structure for table `product`
--

DROP TABLE IF EXISTS `product`;
/*!40101 SET @saved_cs_client     = @@character_set_client */;
/*!50503 SET character_set_client = utf8mb4 */;
CREATE TABLE `product` (
  `id` bigint NOT NULL AUTO_INCREMENT,
  `created_at` datetime(6) DEFAULT NULL,
  `description` varchar(255) DEFAULT NULL,
  `name` varchar(255) DEFAULT NULL,
  `price` decimal(38,2) DEFAULT NULL,
  `stock` int DEFAULT NULL,
  `type` varchar(255) DEFAULT NULL,
  `updated_at` datetime(6) DEFAULT NULL,
  `category_id` bigint DEFAULT NULL,
  `sub_category_id` bigint DEFAULT NULL,
  PRIMARY KEY (`id`),
  KEY `FK5cypb0k23bovo3rn1a5jqs6j4` (`category_id`),
  KEY `FKhe99aqqiu5rc1yixu5djrll3d` (`sub_category_id`),
  CONSTRAINT `FK5cypb0k23bovo3rn1a5jqs6j4` FOREIGN KEY (`category_id`) REFERENCES `product_category` (`id`),
  CONSTRAINT `FKhe99aqqiu5rc1yixu5djrll3d` FOREIGN KEY (`sub_category_id`) REFERENCES `product_sub_category` (`id`)
) ENGINE=InnoDB AUTO_INCREMENT=49 DEFAULT CHARSET=utf8mb4 COLLATE=utf8mb4_0900_ai_ci;
/*!40101 SET character_set_client = @saved_cs_client */;

--
-- Dumping data for table `product`
--

LOCK TABLES `product` WRITE;
/*!40000 ALTER TABLE `product` DISABLE KEYS */;
INSERT INTO `product` VALUES (3,NULL,'Tank top con detalle de bordado de texto Doing Good en el pecho y confeccionado en tejido elástico.','TANK TOP DOING GOOD',9.99,1212,'TANK TOP DOING GOOD',NULL,3,13),(4,NULL,'Tank top básico de cuello redondo y manga sisa confeccionado en tejido de poliamida elástico.','TANK TOP BÁSICO POLIAMIDA',7.99,212,'w21',NULL,3,13),(5,NULL,'Tank top con detalle de bordado de sol en el pecho y confeccionado en tejido elástico.','TANK TOP BORDADO SOL',9.99,1212,'dasd',NULL,3,13),(6,NULL,'Tank top con detalle de ojales en los tirantes, confeccionado en tejido efecto lavado elástico.','TANK TOP OJALES',15.99,1212,'dasd',NULL,3,13),(7,NULL,'Tank top básico cropped con cuello redondo y manga sisa, confeccionado en tejido muy elástico.','TANK TOP BÁSICO CROPPED',4.99,212,'TANK TOP BÁSICO CROPPED',NULL,3,13),(8,NULL,'Tank top básico cropped con cuello redondo y manga sisa, confeccionado en tejido muy elástico.','TANK TOP BÁSICO CROPPED',5.99,1212,'TANK TOP BÁSICO CROPPED',NULL,3,13),(9,NULL,'Tank top en tejido de canalé disponible en varios tonos con efecto lavado.','TANK TOP EFECTO LAVADO',9.99,21212,'TANK TOP EFECTO LAVADO',NULL,3,13),(10,NULL,'Tank top básico cropped con cuello redondo y manga sisa, confeccionado en tejido muy elástico.','TANK TOP BÁSICO CROPPED',4.99,2121,'TANK TOP BÁSICO CROPPED',NULL,3,13),(11,NULL,'Top rojo de tirantes ajustables en tejido de encaje con detalle lencero en el escote.','TOP ROJO ENCAJE',17.99,212,'TOP ROJO ENCAJE',NULL,3,12),(12,NULL,'Top asimétrico con detalle de tirante triple confeccionado en tejido ligeramente elástico.','TOP ASIMÉTRICO TIRANTE',12.99,1212,'TOP ASIMÉTRICO TIRANTE',NULL,3,12),(13,NULL,'Top bandeau confeccionado en tejido de poliamida muy elástico, con detalle de frunces.','TOP BANDEAU POLIAMIDA FRUNCES',9.99,21212,'TOP BANDEAU POLIAMIDA FRUNCES',NULL,3,12),(14,NULL,'Top de manga larga y cuello redondo en tejido elástico de brillo con detalle de etiqueta y espalda abierta.','TOP BRILLO ESPALDA ABIERTA',15.99,2121,'TOP BRILLO ESPALDA ABIERTA',NULL,3,12),(15,NULL,'Top animal print semitransparente y con detalle de lentejuelas, con escote cruzado y bajo asimétrico.','TOP ANIMAL PRINT LENTEJUELAS',22.99,1212,'TOP ANIMAL PRINT LENTEJUELAS',NULL,3,12),(16,NULL,'Top plateado de lentejuelas combinadas con detalle de cazuelas, en tejido semitransparente, escote de pico y silueta fluida.','TOP LENTEJUELA COMBINADA',25.99,1212,'TOP LENTEJUELA COMBINADA',NULL,3,12),(17,NULL,'Vestido largo de silueta ajustada con escote halter y detalle drapeado, con espalda descubierta y confeccionado en tejido elástico.','VESTIDO LARGO DRAPEADO ESPALDA DESCUBIERTA',29.99,12312,'VESTIDO LARGO DRAPEADO ESPALDA DESCUBIERTA',NULL,2,7),(18,NULL,'Vestido largo de silueta ajustada con escote halter y detalle de cut out, con espalda descubierta y confeccionado en tejido elástico.','VESTIDO LARGO HALTER ESPALDA DESCUBIERTA',29.99,212,'VESTIDO LARGO HALTER ESPALDA DESCUBIERTA',NULL,2,7),(19,NULL,'Vestido largo palabra de honor confeccionado en mezcla de lino y viscosa.','VESTIDO LARGO RÚSTICO PALABRA DE HONOR',35.99,456,'VESTIDO LARGO RÚSTICO PALABRA DE HONOR',NULL,2,7),(20,NULL,'Vestido midi en tejido de encaje, con manga sisa y cuello perkins.','VESTIDO MIDI ENCAJE MANGA SISA',29.99,233,'VESTIDO MIDI ENCAJE MANGA SISA',NULL,2,7),(21,NULL,'Vestido largo tie-dye de tirantes finos, escote de pico con frunces, espalda descubierta y confeccionado en mezcla de viscosa y lino.','VESTIDO LARGO TIE-DYE',29.99,4422,'VESTIDO LARGO TIE-DYE',NULL,2,7),(22,NULL,'Vestido midi con cuello halter, manga sisa y confeccionado en tejido elástico.','VESTIDO MIDI MANGA SISA HALTER',12.99,125,'VESTIDO MIDI MANGA SISA HALTER',NULL,2,7),(23,NULL,'Vestido largo con escote palabra de honor, detalle de frunces laterales y confeccionado en tejido de poliamida.','VESTIDO LARGO PALABRA DE HONOR FRUNCES',17.99,123,'VESTIDO LARGO PALABRA DE HONOR FRUNCES',NULL,2,7),(24,NULL,'Vestido midi con hombros descubiertos, silueta ajustada y confeccionado en tejido elástico.','VESTIDO MIDI HOMBROS DESCUBIERTOS',19.99,212,'VESTIDO MIDI HOMBROS DESCUBIERTOS',NULL,2,7),(25,NULL,'Top de punto cortado con escote halter, espalda descubierta y detalle de fruncidos.','TOP HALTER PUNTO ESPALDA DESCUBIERTA',15.99,1212,'TOP HALTER PUNTO ESPALDA DESCUBIERTA',NULL,3,12),(26,NULL,'Top de tirantes con print de leopardo, con detalle lencero en el escote y confeccionado en viscosa.','TOP LEOPARDO DETALLE LENCERO',15.99,1212,'TOP LEOPARDO DETALLE LENCERO',NULL,3,12),(27,NULL,'Vestido corto con detalle de volante en el bajo, de tirantes y confeccionado en tejido elástico.','VESTIDO CORTO VOLANTE',19.99,121,'VESTIDO CORTO VOLANTE',NULL,2,8),(28,NULL,'Vestido corto de tirantes finos, con detalle de encaje en el escote y confeccionado en tejido ligeramente elástico.','VESTIDO CORTO LENCERO',19.99,1212,'VESTIDO CORTO LENCERO',NULL,2,8),(29,NULL,'Vestido corto rojo y de cuadros vichy con tirantes finos y escote redondo.','VESTIDO CORTO ROJO CUADROS VICHY',17.99,212,'VESTIDO CORTO ROJO CUADROS VICHY',NULL,2,8),(30,NULL,'Vestido corto con cuello caja, detalle de frunces y en poliamida.','VESTIDO CORTO FRUNCES POLIAMIDA',15.99,1231,'VESTIDO CORTO FRUNCES POLIAMIDA',NULL,2,8),(31,NULL,'Vestido corto de tirantes con detalle de cinturón con hebilla, confeccionado en tejido elástico.','VESTIDO CORTO CINTURÓN',25.99,31,'VESTIDO CORTO CINTURÓN',NULL,2,8),(32,NULL,'Vestido corto con el bajo asimétrico y detalle de espejos, espalda descubierta, tirantes finos y silueta fluida.','VESTIDO CORTO ASIMÉTRICO ESPEJOS',27.99,1311,'VESTIDO CORTO ASIMÉTRICO ESPEJOS',NULL,2,8),(33,NULL,'Vestido corto con cuello caja, detalle de frunces y en poliamida.','VESTIDO CORTO FRUNCES POLIAMIDA',15.99,232121,'VESTIDO CORTO FRUNCES POLIAMIDA',NULL,2,8),(34,NULL,'Vestido corto de manga sisa y escote abierto, confeccionado en tejido elástico.','VESTIDO CORTO MANGA SISA',12.99,21312,'VESTIDO CORTO MANGA SISA',NULL,2,8),(37,NULL,'Sandalia con plataforma disponible en varios colores. Tira ancha en el empeine.','CUÑAS PLATAFORMA CROCHET',29.99,32332,'CUÑAS PLATAFORMA CROCHET',NULL,5,24),(38,NULL,'Sandalias tipo cuña de piel con tiras en el corte y posición para el dedo. Cierre mediante pulsera con hebilla al tobillo. Plataforma forrada en yute.','CUÑAS TIRAS PIEL',35.99,212,'CUÑAS TIRAS PIEL',NULL,5,24),(39,NULL,'Bailarina disponible en varios colores. Suela forrada en yute. Cierre mediante tira con hebilla en la parte lateral.\n\nPlantilla técnica flexible de espuma compuesta de poliuretano, diseñada para ofrecer un mayor confort.','BAILARINAS YUTE',29.99,11212,'BAILARINAS YUTE',NULL,5,24),(40,NULL,'Zapato destalonado de tacón tipo cuña, disponible en color natural. Detalle de tira en el empeine. Cierre mediante pulsera en el tobillo.','CUÑAS YUTE PULSERA',35.99,2912,'CUÑAS YUTE PULSERA',NULL,5,24),(41,NULL,'Sandalia con tacón tipo cuña de yute. Tiras de vinilo.\n\nAltura del tacón: 7,6 cm.','SANDALIA CUÑA VINILO',35.95,1213,'SANDALIA CUÑA VINILO',NULL,5,24),(46,NULL,'Cuña. Diseño de tiras. Abertura en la parte delantera. Punta redonda. Cierre de tira con hebilla. El tacón mide 9 cm.','Sandalia cuña tiras',49.99,121,'Sandalia cuña tiras',NULL,5,24),(47,NULL,'Cuña. Diseño de tiras. Abertura en la parte delantera. Cierre de tira con hebilla. El tacón mide 7 cm.','Sandalia cuña hebilla',39.99,21312,'Sandalia cuña hebilla',NULL,5,24),(48,NULL,'Cuña. Diseño destalonado. Punta cuadrada. Abertura en la parte delantera. El tacón mide 4,5 cm. Sin cierre.','Sandalia cuña destalonada',39.99,31321,'Sandalia cuña destalonada',NULL,5,24);
/*!40000 ALTER TABLE `product` ENABLE KEYS */;
UNLOCK TABLES;

--
-- Table structure for table `product_category`
--

DROP TABLE IF EXISTS `product_category`;
/*!40101 SET @saved_cs_client     = @@character_set_client */;
/*!50503 SET character_set_client = utf8mb4 */;
CREATE TABLE `product_category` (
  `id` bigint NOT NULL AUTO_INCREMENT,
  `category_image` varchar(255) DEFAULT NULL,
  `created_at` datetime(6) DEFAULT NULL,
  `description` varchar(255) DEFAULT NULL,
  `name` varchar(255) DEFAULT NULL,
  `updated_at` datetime(6) DEFAULT NULL,
  PRIMARY KEY (`id`)
) ENGINE=InnoDB AUTO_INCREMENT=6 DEFAULT CHARSET=utf8mb4 COLLATE=utf8mb4_0900_ai_ci;
/*!40101 SET character_set_client = @saved_cs_client */;

--
-- Dumping data for table `product_category`
--

LOCK TABLES `product_category` WRITE;
/*!40000 ALTER TABLE `product_category` DISABLE KEYS */;
INSERT INTO `product_category` VALUES (1,'http://res.cloudinary.com/dhqfopwka/image/upload/v1715349335/Shopping/productCategorypantalones/pantalon.jpg.jpg',NULL,'asd','pantalones',NULL),(2,'http://res.cloudinary.com/dhqfopwka/image/upload/v1715350698/Shopping/productCategoryvestidos/vestidos.jpg.jpg',NULL,'asd','vestidos',NULL),(3,'http://res.cloudinary.com/dhqfopwka/image/upload/v1715352043/Shopping/productCategorytops/tops.jpg.jpg',NULL,'asd','Tops',NULL),(4,'http://res.cloudinary.com/dhqfopwka/image/upload/v1715352948/Shopping/productCategoryfaldas/falda.jpg.jpg',NULL,'asd','Faldas',NULL),(5,'http://res.cloudinary.com/dhqfopwka/image/upload/v1715354955/Shopping/productCategoryzapatos/z.jpg.jpg',NULL,'asd','Zapatos',NULL);
/*!40000 ALTER TABLE `product_category` ENABLE KEYS */;
UNLOCK TABLES;

--
-- Table structure for table `product_image`
--

DROP TABLE IF EXISTS `product_image`;
/*!40101 SET @saved_cs_client     = @@character_set_client */;
/*!50503 SET character_set_client = utf8mb4 */;
CREATE TABLE `product_image` (
  `id` bigint NOT NULL AUTO_INCREMENT,
  `image_url` varchar(255) DEFAULT NULL,
  `name` varchar(255) DEFAULT NULL,
  `order_index` int NOT NULL,
  `type` varchar(255) DEFAULT NULL,
  `product_id` bigint DEFAULT NULL,
  PRIMARY KEY (`id`),
  KEY `FK6oo0cvcdtb6qmwsga468uuukk` (`product_id`),
  CONSTRAINT `FK6oo0cvcdtb6qmwsga468uuukk` FOREIGN KEY (`product_id`) REFERENCES `product` (`id`)
) ENGINE=InnoDB AUTO_INCREMENT=225 DEFAULT CHARSET=utf8mb4 COLLATE=utf8mb4_0900_ai_ci;
/*!40101 SET character_set_client = @saved_cs_client */;

--
-- Dumping data for table `product_image`
--

LOCK TABLES `product_image` WRITE;
/*!40000 ALTER TABLE `product_image` DISABLE KEYS */;
INSERT INTO `product_image` VALUES (8,'http://res.cloudinary.com/dhqfopwka/image/upload/v1715371724/Shopping/product/tank_top_doing_good/ismwbcyi0mxephqia76v.jpg','7248327306_2_2_8.jpg',2,'secondary',3),(9,'http://res.cloudinary.com/dhqfopwka/image/upload/v1715371727/Shopping/product/tank_top_doing_good/cyrevexodhcuyt6zsh2y.jpg','7248327306_2_3_8.jpg',3,'additional',3),(10,'http://res.cloudinary.com/dhqfopwka/image/upload/v1715371729/Shopping/product/tank_top_doing_good/ma9pmfsbzfm6vejhighv.jpg','7248327306_2_6_8.jpg',5,'additional',3),(11,'http://res.cloudinary.com/dhqfopwka/image/upload/v1715371730/Shopping/product/tank_top_doing_good/iqwmsrjvhf49ykjuc5on.jpg','7248327306_2_7_8.jpg',1,'main',3),(12,'http://res.cloudinary.com/dhqfopwka/image/upload/v1715371733/Shopping/product/tank_top_doing_good/yjozhyye5rhpllqmczek.jpg','7248327306_2_1_8.jpg',4,'additional',3),(13,'http://res.cloudinary.com/dhqfopwka/image/upload/v1715372133/Shopping/product/tank_top_b%C3%A1sico_poliamida/k1nq2h2goecqda5bah52.jpg','3243370250_2_1_8.jpg',1,'main',4),(14,'http://res.cloudinary.com/dhqfopwka/image/upload/v1715372134/Shopping/product/tank_top_b%C3%A1sico_poliamida/o5lrnnrix997ce8x0vrt.jpg','3243370250_2_2_8.jpg',2,'secondary',4),(15,'http://res.cloudinary.com/dhqfopwka/image/upload/v1715372136/Shopping/product/tank_top_b%C3%A1sico_poliamida/npuobynbgol6vn1dlnr1.jpg','3243370250_2_3_8.jpg',3,'additional',4),(16,'http://res.cloudinary.com/dhqfopwka/image/upload/v1715372137/Shopping/product/tank_top_b%C3%A1sico_poliamida/zjvd0pnehprb23jf7tbf.jpg','3243370250_2_4_8.jpg',4,'additional',4),(17,'http://res.cloudinary.com/dhqfopwka/image/upload/v1715372139/Shopping/product/tank_top_b%C3%A1sico_poliamida/e9pevr9tdqqoxdoyznle.jpg','3243370250_2_6_8.jpg',5,'additional',4),(18,'http://res.cloudinary.com/dhqfopwka/image/upload/v1715372329/Shopping/product/tank_top_bordado_sol/mlemjbexrbowkvwga5ps.jpg','7248326250_2_1_8.jpg',1,'main',5),(19,'http://res.cloudinary.com/dhqfopwka/image/upload/v1715372331/Shopping/product/tank_top_bordado_sol/xswkthm7x1k0pek0bj3o.jpg','7248326250_2_2_8.jpg',2,'secondary',5),(20,'http://res.cloudinary.com/dhqfopwka/image/upload/v1715372333/Shopping/product/tank_top_bordado_sol/r7xa9rqlzhinn99xjdze.jpg','7248326250_2_3_8.jpg',3,'additional',5),(21,'http://res.cloudinary.com/dhqfopwka/image/upload/v1715372334/Shopping/product/tank_top_bordado_sol/egerc0dqfvnfi9pkzm5s.jpg','7248326250_2_4_8.jpg',4,'additional',5),(22,'http://res.cloudinary.com/dhqfopwka/image/upload/v1715372336/Shopping/product/tank_top_bordado_sol/datlpqkgzgfxnc7zzkt5.jpg','7248326250_2_7_8.jpg',5,'additional',5),(23,'http://res.cloudinary.com/dhqfopwka/image/upload/v1715372492/Shopping/product/tank_top_ojales/r8u03edhay5z7ggwfluu.jpg','7248318802_2_2_8.jpg',2,'secondary',6),(24,'http://res.cloudinary.com/dhqfopwka/image/upload/v1715372494/Shopping/product/tank_top_ojales/xe0nklup6swoyabeaixu.jpg','7248318802_2_3_8.jpg',3,'additional',6),(25,'http://res.cloudinary.com/dhqfopwka/image/upload/v1715372496/Shopping/product/tank_top_ojales/ufwt4ecz6of7zfsqiae4.jpg','7248318802_2_4_8.jpg',4,'additional',6),(26,'http://res.cloudinary.com/dhqfopwka/image/upload/v1715372499/Shopping/product/tank_top_ojales/amhxjhmxtwf1nl1envzv.jpg','7248318802_2_6_8.jpg',5,'additional',6),(27,'http://res.cloudinary.com/dhqfopwka/image/upload/v1715372500/Shopping/product/tank_top_ojales/fboifxdzaplq9hzb0n5k.jpg','7248318802_2_1_8.jpg',1,'main',6),(28,'http://res.cloudinary.com/dhqfopwka/image/upload/v1715373595/Shopping/product/tank_top_b%C3%A1sico_cropped/prpeav72utxs5sgckrq4.jpg','3243353250_2_1_8.jpg',1,'main',7),(29,'http://res.cloudinary.com/dhqfopwka/image/upload/v1715373597/Shopping/product/tank_top_b%C3%A1sico_cropped/sgg8gddsxr4aih2igbxj.jpg','3243353250_2_2_8.jpg',2,'secondary',7),(30,'http://res.cloudinary.com/dhqfopwka/image/upload/v1715373599/Shopping/product/tank_top_b%C3%A1sico_cropped/etifgaexju6vlly9l6nz.jpg','3243353250_2_3_8.jpg',3,'additional',7),(31,'http://res.cloudinary.com/dhqfopwka/image/upload/v1715373601/Shopping/product/tank_top_b%C3%A1sico_cropped/rx4s3c1uahlu7cdr6c2c.jpg','3243353250_2_4_8.jpg',4,'additional',7),(32,'http://res.cloudinary.com/dhqfopwka/image/upload/v1715373603/Shopping/product/tank_top_b%C3%A1sico_cropped/hbxy6ibckeqjehzijhoq.jpg','3243353250_2_6_8.jpg',5,'additional',7),(33,'http://res.cloudinary.com/dhqfopwka/image/upload/v1715373605/Shopping/product/tank_top_b%C3%A1sico_cropped/uyiz9homcmjx3g51txn8.jpg','3243353250_2_7_8.jpg',6,'additional',7),(34,'http://res.cloudinary.com/dhqfopwka/image/upload/v1715373886/Shopping/product/tank_top_b%C3%A1sico_cropped/vh7nvhcia01mznfalmje.jpg','3243323401_2_2_8.jpg',2,'secondary',8),(35,'http://res.cloudinary.com/dhqfopwka/image/upload/v1715373888/Shopping/product/tank_top_b%C3%A1sico_cropped/fgtcq4blsdjrvxkwduxe.jpg','3243323401_2_3_8.jpg',3,'additional',8),(36,'http://res.cloudinary.com/dhqfopwka/image/upload/v1715373890/Shopping/product/tank_top_b%C3%A1sico_cropped/pgv00v6tnrndsufyhwzn.jpg','3243323401_2_4_8.jpg',4,'additional',8),(37,'http://res.cloudinary.com/dhqfopwka/image/upload/v1715373892/Shopping/product/tank_top_b%C3%A1sico_cropped/bduhp6q7w4l6wrph1grw.jpg','3243323401_2_6_8.jpg',5,'additional',8),(38,'http://res.cloudinary.com/dhqfopwka/image/upload/v1715373894/Shopping/product/tank_top_b%C3%A1sico_cropped/fncqapiqqrqorhtmkrkf.jpg','3243323401_2_1_8.jpg',1,'main',8),(39,'http://res.cloudinary.com/dhqfopwka/image/upload/v1715374039/Shopping/product/tank_top_efecto_lavado/nejwqab6otnhjbxossjx.jpg','7242361811_2_1_8.jpg',1,'main',9),(40,'http://res.cloudinary.com/dhqfopwka/image/upload/v1715374041/Shopping/product/tank_top_efecto_lavado/g79gnfqigetggbppngrg.jpg','7242361811_2_2_8.jpg',2,'secondary',9),(41,'http://res.cloudinary.com/dhqfopwka/image/upload/v1715374043/Shopping/product/tank_top_efecto_lavado/yj2bt2lfoflhqldijuai.jpg','7242361811_2_3_8.jpg',3,'additional',9),(42,'http://res.cloudinary.com/dhqfopwka/image/upload/v1715374045/Shopping/product/tank_top_efecto_lavado/fxwti1xbmdeabhbmkkge.jpg','7242361811_2_4_8.jpg',4,'additional',9),(43,'http://res.cloudinary.com/dhqfopwka/image/upload/v1715374046/Shopping/product/tank_top_efecto_lavado/cxyvk9aolwkfqbqzgdbh.jpg','7242361811_2_6_8.jpg',5,'additional',9),(44,'http://res.cloudinary.com/dhqfopwka/image/upload/v1715374229/Shopping/product/tank_top_b%C3%A1sico_cropped/lpzxplxkmpzkffxd9pdq.jpg','3243353441_2_2_8.jpg',2,'secondary',10),(45,'http://res.cloudinary.com/dhqfopwka/image/upload/v1715374231/Shopping/product/tank_top_b%C3%A1sico_cropped/oodq8eu4pm6he0yaoanu.jpg','3243353441_2_3_8.jpg',3,'additional',10),(46,'http://res.cloudinary.com/dhqfopwka/image/upload/v1715374233/Shopping/product/tank_top_b%C3%A1sico_cropped/lxr6gd8oqfiuwujurk2u.jpg','3243353441_2_4_8.jpg',4,'additional',10),(47,'http://res.cloudinary.com/dhqfopwka/image/upload/v1715374235/Shopping/product/tank_top_b%C3%A1sico_cropped/fhn2nt0td5n5uo64trc0.jpg','3243353441_2_6_8.jpg',5,'additional',10),(48,'http://res.cloudinary.com/dhqfopwka/image/upload/v1715374236/Shopping/product/tank_top_b%C3%A1sico_cropped/psywodlbb6onjy29cmyu.jpg','3243353441_2_1_8.jpg',1,'main',10),(49,'http://res.cloudinary.com/dhqfopwka/image/upload/v1715374523/Shopping/product/top_rojo_encaje/ama7pgcz8m5daxyxixvr.jpg','7248330600_2_2_8.jpg',2,'secondary',11),(50,'http://res.cloudinary.com/dhqfopwka/image/upload/v1715374525/Shopping/product/top_rojo_encaje/ey4eai7ibjs9jcmy2qnr.jpg','7248330600_2_3_8.jpg',4,'additional',11),(51,'http://res.cloudinary.com/dhqfopwka/image/upload/v1715374527/Shopping/product/top_rojo_encaje/borebnp4jg7zybhrckvd.jpg','7248330600_2_4_8.jpg',3,'additional',11),(52,'http://res.cloudinary.com/dhqfopwka/image/upload/v1715374529/Shopping/product/top_rojo_encaje/ifhit8rhckwljaabegkg.jpg','7248330600_2_15_8.jpg',5,'additional',11),(53,'http://res.cloudinary.com/dhqfopwka/image/upload/v1715374531/Shopping/product/top_rojo_encaje/wrzfkzpheuwnx4oswniw.jpg','7248330600_2_1_8.jpg',1,'main',11),(54,'http://res.cloudinary.com/dhqfopwka/image/upload/v1715374668/Shopping/product/top_asim%C3%A9trico_tirante/s53qoholacwyibyhkkmu.jpg','7242342800_2_2_8.jpg',2,'secondary',12),(55,'http://res.cloudinary.com/dhqfopwka/image/upload/v1715374670/Shopping/product/top_asim%C3%A9trico_tirante/zru8nr09iavxunmctpcs.jpg','7242342800_2_3_8.jpg',4,'additional',12),(56,'http://res.cloudinary.com/dhqfopwka/image/upload/v1715374672/Shopping/product/top_asim%C3%A9trico_tirante/jgt6lyfq6buqjdeetmfm.jpg','7242342800_2_4_8.jpg',3,'additional',12),(57,'http://res.cloudinary.com/dhqfopwka/image/upload/v1715374673/Shopping/product/top_asim%C3%A9trico_tirante/us58jlui5rhxddgag2j9.jpg','7242342800_2_6_8.jpg',5,'additional',12),(58,'http://res.cloudinary.com/dhqfopwka/image/upload/v1715374675/Shopping/product/top_asim%C3%A9trico_tirante/omizrc4un8hmfyd85o1h.jpg','fiesta2.jpg',1,'main',12),(59,'http://res.cloudinary.com/dhqfopwka/image/upload/v1715374903/Shopping/product/top_bandeau_poliamida_frunces/ifpbiivejzzkihqxkknx.jpg','3243372605_2_1_8.jpg',1,'main',13),(60,'http://res.cloudinary.com/dhqfopwka/image/upload/v1715374904/Shopping/product/top_bandeau_poliamida_frunces/bdwaiun8yffv5hx4lfnf.jpg','3243372605_2_2_8.jpg',2,'secondary',13),(61,'http://res.cloudinary.com/dhqfopwka/image/upload/v1715374906/Shopping/product/top_bandeau_poliamida_frunces/clo4h3xjtqpnmzjvuawq.jpg','3243372605_2_3_8.jpg',3,'additional',13),(62,'http://res.cloudinary.com/dhqfopwka/image/upload/v1715374907/Shopping/product/top_bandeau_poliamida_frunces/hptkdyvpjom9ftbi44zg.jpg','3243372605_2_4_8.jpg',4,'additional',13),(63,'http://res.cloudinary.com/dhqfopwka/image/upload/v1715374909/Shopping/product/top_bandeau_poliamida_frunces/pw9wzjlkgh38lsjnrf75.jpg','3243372605_2_6_8.jpg',5,'additional',13),(64,'http://res.cloudinary.com/dhqfopwka/image/upload/v1715375063/Shopping/product/top_brillo_espalda_abierta/gufmy47asxjd4xvs3m9b.jpg','3243325800_2_2_8.jpg',2,'additional',14),(65,'http://res.cloudinary.com/dhqfopwka/image/upload/v1715375065/Shopping/product/top_brillo_espalda_abierta/nn8m5y2pnmwhob3kel6a.jpg','3243325800_2_3_8.jpg',3,'additional',14),(66,'http://res.cloudinary.com/dhqfopwka/image/upload/v1715375067/Shopping/product/top_brillo_espalda_abierta/rrrrlm5lzp2h9xpndgn1.jpg','3243325800_2_4_8.jpg',4,'additional',14),(67,'http://res.cloudinary.com/dhqfopwka/image/upload/v1715375069/Shopping/product/top_brillo_espalda_abierta/yqcsreqfbihi9bovue0d.jpg','3243325800_2_6_8.jpg',5,'secondary',14),(68,'http://res.cloudinary.com/dhqfopwka/image/upload/v1715375071/Shopping/product/top_brillo_espalda_abierta/nydzq8rrny0lq46b9vpc.jpg','3243325800_2_1_8.jpg',1,'main',14),(69,'http://res.cloudinary.com/dhqfopwka/image/upload/v1715375288/Shopping/product/top_animal_print_lentejuelas/yklokuybyg69uvyf2zzr.jpg','3470305038_2_2_8.jpg',2,'secondary',15),(70,'http://res.cloudinary.com/dhqfopwka/image/upload/v1715375290/Shopping/product/top_animal_print_lentejuelas/tymzdmvykhg3crvlzfrz.jpg','3470305038_2_1_8.jpg',1,'main',15),(71,'http://res.cloudinary.com/dhqfopwka/image/upload/v1715375292/Shopping/product/top_animal_print_lentejuelas/fero2ph1xrel6tcpi9pz.jpg','3470305038_2_3_8.jpg',3,'additional',15),(72,'http://res.cloudinary.com/dhqfopwka/image/upload/v1715375294/Shopping/product/top_animal_print_lentejuelas/rweghxn1hvlt9b4lcew2.jpg','3470305038_2_4_8.jpg',4,'additional',15),(73,'http://res.cloudinary.com/dhqfopwka/image/upload/v1715375298/Shopping/product/top_animal_print_lentejuelas/mb9gkfljvzqs8wdp4y0u.jpg','3470305038_2_6_8.jpg',5,'additional',15),(74,'http://res.cloudinary.com/dhqfopwka/image/upload/v1715375300/Shopping/product/top_animal_print_lentejuelas/d9ukogxawefiqwsddbbo.jpg','3470305038_2_7_8.jpg',6,'additional',15),(75,'http://res.cloudinary.com/dhqfopwka/image/upload/v1715375444/Shopping/product/top_lentejuela_combinada/nxiinwfea0yslnqg9tat.jpg','3241400808_2_2_8.jpg',2,'secondary',16),(76,'http://res.cloudinary.com/dhqfopwka/image/upload/v1715375446/Shopping/product/top_lentejuela_combinada/c7rofnv70xichjhehikp.jpg','3241400808_2_3_8.jpg',3,'additional',16),(77,'http://res.cloudinary.com/dhqfopwka/image/upload/v1715375448/Shopping/product/top_lentejuela_combinada/w3fg8iomk4ibbv0hnf17.jpg','3241400808_2_4_8.jpg',4,'additional',16),(78,'http://res.cloudinary.com/dhqfopwka/image/upload/v1715375450/Shopping/product/top_lentejuela_combinada/yjn0zsmwe1xwevysy2ll.jpg','3241400808_2_6_8.jpg',5,'additional',16),(79,'http://res.cloudinary.com/dhqfopwka/image/upload/v1715375452/Shopping/product/top_lentejuela_combinada/uklv1yksoidcf1pjcqr0.jpg','3241400808_2_7_8.jpg',6,'additional',16),(80,'http://res.cloudinary.com/dhqfopwka/image/upload/v1715375455/Shopping/product/top_lentejuela_combinada/umzwyvrylye6vput8ypp.jpg','3241400808_2_1_8.jpg',1,'main',16),(81,'http://res.cloudinary.com/dhqfopwka/image/upload/v1715379719/Shopping/product/vestido_largo_drapeado_espalda_descubierta/cs68h36qifzk2bs8op4v.jpg','3390471514_2_1_8.jpg',1,'main',17),(82,'http://res.cloudinary.com/dhqfopwka/image/upload/v1715379721/Shopping/product/vestido_largo_drapeado_espalda_descubierta/r0tsoiytzbk0oag4kl2w.jpg','3390471514_2_2_8.jpg',2,'secondary',17),(83,'http://res.cloudinary.com/dhqfopwka/image/upload/v1715379722/Shopping/product/vestido_largo_drapeado_espalda_descubierta/s3u0duradprdgwiljsxj.jpg','3390471514_2_3_8.jpg',3,'additional',17),(84,'http://res.cloudinary.com/dhqfopwka/image/upload/v1715379725/Shopping/product/vestido_largo_drapeado_espalda_descubierta/ccaamnzkwtmkapnpttvt.jpg','3390471514_2_4_8.jpg',4,'additional',17),(85,'http://res.cloudinary.com/dhqfopwka/image/upload/v1715379726/Shopping/product/vestido_largo_drapeado_espalda_descubierta/s3wtcxsrwsfaseqfx6sj.jpg','3390471514_2_6_8.jpg',5,'additional',17),(86,'http://res.cloudinary.com/dhqfopwka/image/upload/v1715379826/Shopping/product/vestido_largo_halter_espalda_descubierta/gkizqqlryv6uhg9jb5tb.jpg','3390470700_2_1_8.jpg',1,'main',18),(87,'http://res.cloudinary.com/dhqfopwka/image/upload/v1715379827/Shopping/product/vestido_largo_halter_espalda_descubierta/brzfuuegvgu7wwtvyz8b.jpg','3390470700_2_2_8.jpg',2,'secondary',18),(88,'http://res.cloudinary.com/dhqfopwka/image/upload/v1715379829/Shopping/product/vestido_largo_halter_espalda_descubierta/wn66nmaorzbayhgkvpqo.jpg','3390470700_2_3_8.jpg',3,'additional',18),(89,'http://res.cloudinary.com/dhqfopwka/image/upload/v1715379830/Shopping/product/vestido_largo_halter_espalda_descubierta/eqx1rvz9ret1vumqzezt.jpg','3390470700_2_4_8.jpg',4,'additional',18),(90,'http://res.cloudinary.com/dhqfopwka/image/upload/v1715379832/Shopping/product/vestido_largo_halter_espalda_descubierta/hlh2otlivbxubqjmczr9.jpg','3390470700_2_6_8.jpg',5,'additional',18),(91,'http://res.cloudinary.com/dhqfopwka/image/upload/v1715380465/Shopping/product/vestido_largo_r%C3%BAstico_palabra_de_honor/pihvxehzdor2nxx7kxrp.jpg','3390443711_2_1_8.jpg',1,'main',19),(92,'http://res.cloudinary.com/dhqfopwka/image/upload/v1715380466/Shopping/product/vestido_largo_r%C3%BAstico_palabra_de_honor/bmkkbagbt0ijswzdxhsp.jpg','3390443711_2_2_8.jpg',2,'secondary',19),(93,'http://res.cloudinary.com/dhqfopwka/image/upload/v1715380468/Shopping/product/vestido_largo_r%C3%BAstico_palabra_de_honor/zr0z9w53n4esj0avjdzo.jpg','3390443711_2_3_8.jpg',3,'additional',19),(94,'http://res.cloudinary.com/dhqfopwka/image/upload/v1715380470/Shopping/product/vestido_largo_r%C3%BAstico_palabra_de_honor/nd4feflxytib1a9lx1ls.jpg','3390443711_2_4_8.jpg',4,'additional',19),(95,'http://res.cloudinary.com/dhqfopwka/image/upload/v1715380471/Shopping/product/vestido_largo_r%C3%BAstico_palabra_de_honor/oifjtym06dtju1wnptl7.jpg','3390443711_2_6_8.jpg',5,'additional',19),(96,'http://res.cloudinary.com/dhqfopwka/image/upload/v1715380992/Shopping/product/vestido_midi_encaje_manga_sisa/yprtyzf0t3rgzvaqhb3r.jpg','3390338514_2_1_8.jpg',1,'main',20),(97,'http://res.cloudinary.com/dhqfopwka/image/upload/v1715380993/Shopping/product/vestido_midi_encaje_manga_sisa/coqriwkwbdv4zssknfmc.jpg','3390338514_2_2_8.jpg',2,'secondary',20),(98,'http://res.cloudinary.com/dhqfopwka/image/upload/v1715380995/Shopping/product/vestido_midi_encaje_manga_sisa/zbyy4bycnwrwug1cbpio.jpg','3390338514_2_3_8.jpg',3,'additional',20),(99,'http://res.cloudinary.com/dhqfopwka/image/upload/v1715380996/Shopping/product/vestido_midi_encaje_manga_sisa/n5jznqpmuzygj1aexba0.jpg','3390338514_2_4_8.jpg',4,'additional',20),(100,'http://res.cloudinary.com/dhqfopwka/image/upload/v1715380998/Shopping/product/vestido_midi_encaje_manga_sisa/eko34huoshmzahhetup8.jpg','3390338514_2_6_8.jpg',5,'additional',20),(101,'http://res.cloudinary.com/dhqfopwka/image/upload/v1715381601/Shopping/product/vestido_largo_tie-dye/qfjikwiuekqqgpcdqe9r.jpg','3390451500_2_1_8.jpg',1,'main',21),(102,'http://res.cloudinary.com/dhqfopwka/image/upload/v1715381602/Shopping/product/vestido_largo_tie-dye/o9hp9rldbajli0tzpk6b.jpg','3390451500_2_3_8.jpg',3,'additional',21),(103,'http://res.cloudinary.com/dhqfopwka/image/upload/v1715381604/Shopping/product/vestido_largo_tie-dye/wmk8muevo7ypxcdlgykl.jpg','3390451500_2_4_8.jpg',4,'additional',21),(104,'http://res.cloudinary.com/dhqfopwka/image/upload/v1715381605/Shopping/product/vestido_largo_tie-dye/uvt0hngmesvepyw0qvri.jpg','3390451500_2_6_8.jpg',5,'additional',21),(105,'http://res.cloudinary.com/dhqfopwka/image/upload/v1715381607/Shopping/product/vestido_largo_tie-dye/hyqlnobtoxhaxgbxm6ec.jpg','3390471514_2_1_8.jpg',2,'secondary',21),(106,'http://res.cloudinary.com/dhqfopwka/image/upload/v1715382186/Shopping/product/vestido_midi_manga_sisa_halter/hseqqnaovsmjtqi0re7g.jpg','3390325400_2_1_8.jpg',1,'main',22),(107,'http://res.cloudinary.com/dhqfopwka/image/upload/v1715382188/Shopping/product/vestido_midi_manga_sisa_halter/bzhiwjkempd30zwwc1cs.jpg','3390325400_2_2_8.jpg',2,'secondary',22),(108,'http://res.cloudinary.com/dhqfopwka/image/upload/v1715382189/Shopping/product/vestido_midi_manga_sisa_halter/ubkoe5rvt8sj2uv578h1.jpg','3390325400_2_3_8.jpg',3,'additional',22),(109,'http://res.cloudinary.com/dhqfopwka/image/upload/v1715382191/Shopping/product/vestido_midi_manga_sisa_halter/os5tw0jp0askmldtoglb.jpg','3390325400_2_4_8.jpg',4,'additional',22),(110,'http://res.cloudinary.com/dhqfopwka/image/upload/v1715382192/Shopping/product/vestido_midi_manga_sisa_halter/x061f6ja5fw9wzkqgxd8.jpg','3390325400_2_6_8.jpg',5,'additional',22),(111,'http://res.cloudinary.com/dhqfopwka/image/upload/v1715382536/Shopping/product/vestido_largo_palabra_de_honor_frunces/oxgbuhvepi1qigivtnws.jpg','3390336427_2_1_8.jpg',1,'main',23),(112,'http://res.cloudinary.com/dhqfopwka/image/upload/v1715382537/Shopping/product/vestido_largo_palabra_de_honor_frunces/shulgeqxoswwzvyliqbh.jpg','3390336427_2_2_8.jpg',2,'secondary',23),(113,'http://res.cloudinary.com/dhqfopwka/image/upload/v1715382539/Shopping/product/vestido_largo_palabra_de_honor_frunces/dayyaxfhsahmsh3hrqft.jpg','3390336427_2_3_8.jpg',3,'additional',23),(114,'http://res.cloudinary.com/dhqfopwka/image/upload/v1715382540/Shopping/product/vestido_largo_palabra_de_honor_frunces/jrybdxmtaxyx90btxyod.jpg','3390336427_2_4_8.jpg',4,'additional',23),(115,'http://res.cloudinary.com/dhqfopwka/image/upload/v1715382542/Shopping/product/vestido_largo_palabra_de_honor_frunces/pqev1pxce5m7i6ohegkb.jpg','3390336427_2_6_8.jpg',5,'additional',23),(116,'http://res.cloudinary.com/dhqfopwka/image/upload/v1715382868/Shopping/product/vestido_midi_hombros_descubiertos/e499nvthphbw2szgs7iy.jpg','7390314104_2_1_8.jpg',1,'main',24),(117,'http://res.cloudinary.com/dhqfopwka/image/upload/v1715382870/Shopping/product/vestido_midi_hombros_descubiertos/wr8qr6xznozqrnlidfqu.jpg','7390314104_2_2_8.jpg',2,'secondary',24),(118,'http://res.cloudinary.com/dhqfopwka/image/upload/v1715382872/Shopping/product/vestido_midi_hombros_descubiertos/l5ddfqzopy9umpe5oedz.jpg','7390314104_2_3_8.jpg',3,'additional',24),(119,'http://res.cloudinary.com/dhqfopwka/image/upload/v1715382874/Shopping/product/vestido_midi_hombros_descubiertos/oet4lusgj1pvirik2abl.jpg','7390314104_2_4_8.jpg',4,'additional',24),(120,'http://res.cloudinary.com/dhqfopwka/image/upload/v1715382875/Shopping/product/vestido_midi_hombros_descubiertos/iqntrobakwkjo5u6s7ai.jpg','7390314104_2_6_8.jpg',5,'additional',24),(121,'http://res.cloudinary.com/dhqfopwka/image/upload/v1715423317/Shopping/product/top_halter_punto_espalda_descubierta/jc7rgexaspt8kdsopouc.jpg','3243386712_2_1_8.jpg',1,'main',25),(122,'http://res.cloudinary.com/dhqfopwka/image/upload/v1715423318/Shopping/product/top_halter_punto_espalda_descubierta/ulyzop0znf1cr3srmj8i.jpg','3243386712_2_2_8.jpg',2,'secondary',25),(123,'http://res.cloudinary.com/dhqfopwka/image/upload/v1715423319/Shopping/product/top_halter_punto_espalda_descubierta/l5tiyndvfr7zk4ysw6h2.jpg','3243386712_2_3_8.jpg',3,'additional',25),(124,'http://res.cloudinary.com/dhqfopwka/image/upload/v1715423320/Shopping/product/top_halter_punto_espalda_descubierta/yzm99uu4itkx9mr1nqog.jpg','3243386712_2_4_8.jpg',4,'additional',25),(125,'http://res.cloudinary.com/dhqfopwka/image/upload/v1715423321/Shopping/product/top_halter_punto_espalda_descubierta/hpvs5nu0vdwab7ei92ex.jpg','3243386712_2_6_8.jpg',5,'additional',25),(126,'http://res.cloudinary.com/dhqfopwka/image/upload/v1715423323/Shopping/product/top_halter_punto_espalda_descubierta/tdsslgjrw7enftetibjz.jpg','3243386712_2_7_8.jpg',6,'additional',25),(127,'http://res.cloudinary.com/dhqfopwka/image/upload/v1715423519/Shopping/product/top_leopardo_detalle_lencero/wljzaktp9tnqwj0bd0rk.jpg','3244308707_2_2_8 (1).jpg',2,'secondary',26),(128,'http://res.cloudinary.com/dhqfopwka/image/upload/v1715423520/Shopping/product/top_leopardo_detalle_lencero/uezmihuolsn4drqnmzku.jpg','3244308707_2_3_8.jpg',3,'additional',26),(129,'http://res.cloudinary.com/dhqfopwka/image/upload/v1715423522/Shopping/product/top_leopardo_detalle_lencero/t5kysygmzbi2jatunz47.jpg','3244308707_2_4_8.jpg',4,'additional',26),(130,'http://res.cloudinary.com/dhqfopwka/image/upload/v1715423523/Shopping/product/top_leopardo_detalle_lencero/mucdc0ufoz21ao88iyqc.jpg','3244308707_2_6_8.jpg',5,'additional',26),(131,'http://res.cloudinary.com/dhqfopwka/image/upload/v1715423524/Shopping/product/top_leopardo_detalle_lencero/gzzidiulhksvrzf1mf3n.jpg','3244308707_2_7_8.jpg',6,'additional',26),(132,'http://res.cloudinary.com/dhqfopwka/image/upload/v1715423526/Shopping/product/top_leopardo_detalle_lencero/vpllbrgglpcafsqrflna.jpg','3244308707_2_1_8.jpg',1,'main',26),(133,'http://res.cloudinary.com/dhqfopwka/image/upload/v1715424028/Shopping/product/vestido_corto_volante/ds5jqlspnshcztipcibg.jpg','7390317250_2_1_8.jpg',1,'main',27),(134,'http://res.cloudinary.com/dhqfopwka/image/upload/v1715424029/Shopping/product/vestido_corto_volante/uqmvymwjtrjykps96fkr.jpg','7390317250_2_2_8.jpg',2,'secondary',27),(135,'http://res.cloudinary.com/dhqfopwka/image/upload/v1715424030/Shopping/product/vestido_corto_volante/cyzvewgpvgmdxlomnsrj.jpg','7390317250_2_3_8.jpg',3,'additional',27),(136,'http://res.cloudinary.com/dhqfopwka/image/upload/v1715424031/Shopping/product/vestido_corto_volante/gthixvc9fzfc7pyawht6.jpg','7390317250_2_4_8.jpg',4,'additional',27),(137,'http://res.cloudinary.com/dhqfopwka/image/upload/v1715424032/Shopping/product/vestido_corto_volante/c3lrybzu1nw1ckouijt0.jpg','7390317250_2_6_8.jpg',5,'additional',27),(138,'http://res.cloudinary.com/dhqfopwka/image/upload/v1715424143/Shopping/product/vestido_corto_lencero/dz7wvr5dailxlsqz7mzr.jpg','7390327183_2_1_8.jpg',1,'main',28),(139,'http://res.cloudinary.com/dhqfopwka/image/upload/v1715424144/Shopping/product/vestido_corto_lencero/cx2yp5k8wxwwmsbxhzok.jpg','7390327183_2_2_8.jpg',2,'secondary',28),(140,'http://res.cloudinary.com/dhqfopwka/image/upload/v1715424145/Shopping/product/vestido_corto_lencero/txnklis7ggcjjak0iexz.jpg','7390327183_2_3_8.jpg',3,'additional',28),(141,'http://res.cloudinary.com/dhqfopwka/image/upload/v1715424146/Shopping/product/vestido_corto_lencero/sdhpkbedrxl0nvc7fx30.jpg','7390327183_2_4_8.jpg',4,'additional',28),(142,'http://res.cloudinary.com/dhqfopwka/image/upload/v1715424147/Shopping/product/vestido_corto_lencero/s8j7olek1szq7wfkjfkb.jpg','7390327183_2_6_8.jpg',5,'additional',28),(143,'http://res.cloudinary.com/dhqfopwka/image/upload/v1715424148/Shopping/product/vestido_corto_lencero/mxebo4oxzzvejva8molr.jpg','7390327183_2_7_8.jpg',6,'additional',28),(144,'http://res.cloudinary.com/dhqfopwka/image/upload/v1715424347/Shopping/product/vestido_corto_rojo_cuadros_vichy/jvi8zl9ziy1iaslue9h6.jpg','7390326094_2_2_8.jpg',2,'secondary',29),(145,'http://res.cloudinary.com/dhqfopwka/image/upload/v1715424348/Shopping/product/vestido_corto_rojo_cuadros_vichy/u5lz7baas60vmv0majp7.jpg','7390326094_2_3_8.jpg',4,'additional',29),(146,'http://res.cloudinary.com/dhqfopwka/image/upload/v1715424349/Shopping/product/vestido_corto_rojo_cuadros_vichy/dh0tj6sh6h3fxsgumvh0.jpg','7390326094_2_4_8.jpg',3,'additional',29),(147,'http://res.cloudinary.com/dhqfopwka/image/upload/v1715424351/Shopping/product/vestido_corto_rojo_cuadros_vichy/cqivtx6rkhwgap2zsqhn.jpg','7390326094_2_6_8.jpg',5,'additional',29),(148,'http://res.cloudinary.com/dhqfopwka/image/upload/v1715424352/Shopping/product/vestido_corto_rojo_cuadros_vichy/k58qweobk90vcqrtomxu.jpg','7390326094_2_7_8.jpg',6,'additional',29),(149,'http://res.cloudinary.com/dhqfopwka/image/upload/v1715424354/Shopping/product/vestido_corto_rojo_cuadros_vichy/uc4wkthvicqgjblnnrxd.jpg','7390326094_2_1_8.jpg',1,'main',29),(150,'http://res.cloudinary.com/dhqfopwka/image/upload/v1715424703/Shopping/product/vestido_corto_frunces_poliamida/nlkdlliihxlptolmnvkq.jpg','3390327922_2_2_8.jpg',2,'secondary',30),(151,'http://res.cloudinary.com/dhqfopwka/image/upload/v1715424705/Shopping/product/vestido_corto_frunces_poliamida/jdmqtptjhgnl8ymsbprf.jpg','3390327922_2_3_8.jpg',3,'additional',30),(152,'http://res.cloudinary.com/dhqfopwka/image/upload/v1715424706/Shopping/product/vestido_corto_frunces_poliamida/wvixvgbjjvfk4ytsyjhp.jpg','3390327922_2_4_8.jpg',1,'main',30),(153,'http://res.cloudinary.com/dhqfopwka/image/upload/v1715424708/Shopping/product/vestido_corto_frunces_poliamida/rekzwqoxmzlxtg9f8pn3.jpg','3390327922_2_6_8.jpg',5,'additional',30),(154,'http://res.cloudinary.com/dhqfopwka/image/upload/v1715424709/Shopping/product/vestido_corto_frunces_poliamida/ghuvz2higmfnqmxzx73v.jpg','c4.jpg',4,'additional',30),(155,'http://res.cloudinary.com/dhqfopwka/image/upload/v1715425251/Shopping/product/vestido_corto_cintur%C3%B3n/wi8nmh9tdrghecwuu56u.jpg','3391359400_2_1_8.jpg',1,'main',31),(156,'http://res.cloudinary.com/dhqfopwka/image/upload/v1715425252/Shopping/product/vestido_corto_cintur%C3%B3n/rq76lt9akdiwvodrcqj4.jpg','3391359400_2_2_8.jpg',2,'secondary',31),(157,'http://res.cloudinary.com/dhqfopwka/image/upload/v1715425253/Shopping/product/vestido_corto_cintur%C3%B3n/i6tiab6lxhzu2zi061vy.jpg','3391359400_2_3_8.jpg',3,'additional',31),(158,'http://res.cloudinary.com/dhqfopwka/image/upload/v1715425254/Shopping/product/vestido_corto_cintur%C3%B3n/hu0aryf5kklstszqcujh.jpg','3391359400_2_4_8.jpg',4,'additional',31),(159,'http://res.cloudinary.com/dhqfopwka/image/upload/v1715425255/Shopping/product/vestido_corto_cintur%C3%B3n/gvpfhl6gjsqwqahwwxmd.jpg','3391359400_2_6_8.jpg',5,'additional',31),(160,'http://res.cloudinary.com/dhqfopwka/image/upload/v1715425664/Shopping/product/vestido_corto_asim%C3%A9trico_espejos/yqcb1leo3o6bxgsukz4w.jpg','3390434620_2_1_8.jpg',1,'main',32),(161,'http://res.cloudinary.com/dhqfopwka/image/upload/v1715425666/Shopping/product/vestido_corto_asim%C3%A9trico_espejos/vhstsrloq2awdcsgcpf9.jpg','3390434620_2_2_8.jpg',2,'secondary',32),(162,'http://res.cloudinary.com/dhqfopwka/image/upload/v1715425667/Shopping/product/vestido_corto_asim%C3%A9trico_espejos/ne3nutjmnpmprxkse6sn.jpg','3390434620_2_3_8.jpg',3,'additional',32),(163,'http://res.cloudinary.com/dhqfopwka/image/upload/v1715425668/Shopping/product/vestido_corto_asim%C3%A9trico_espejos/qujfalrqwhr1vmnxrdxy.jpg','3390434620_2_4_8.jpg',4,'additional',32),(164,'http://res.cloudinary.com/dhqfopwka/image/upload/v1715425669/Shopping/product/vestido_corto_asim%C3%A9trico_espejos/z9m2mil4c8ow7qbpt6xa.jpg','3390434620_2_6_8.jpg',5,'additional',32),(165,'http://res.cloudinary.com/dhqfopwka/image/upload/v1715425956/Shopping/product/vestido_corto_frunces_poliamida/ieec9qlqmz4uvbwug3fm.jpg','3390327600_2_1_8.jpg',1,'main',33),(166,'http://res.cloudinary.com/dhqfopwka/image/upload/v1715425957/Shopping/product/vestido_corto_frunces_poliamida/cqo5s2myuglk0i24y1jj.jpg','3390327600_2_2_8.jpg',2,'secondary',33),(167,'http://res.cloudinary.com/dhqfopwka/image/upload/v1715425958/Shopping/product/vestido_corto_frunces_poliamida/ve9znx8iil55s8jzumiw.jpg','3390327600_2_3_8.jpg',3,'additional',33),(168,'http://res.cloudinary.com/dhqfopwka/image/upload/v1715425959/Shopping/product/vestido_corto_frunces_poliamida/ydtrxzvqnkzciktaox6o.jpg','3390327600_2_4_8.jpg',4,'additional',33),(169,'http://res.cloudinary.com/dhqfopwka/image/upload/v1715425960/Shopping/product/vestido_corto_frunces_poliamida/oghqesuedcs6hekqc5qz.jpg','3390327600_2_6_8.jpg',5,'additional',33),(170,'http://res.cloudinary.com/dhqfopwka/image/upload/v1715426294/Shopping/product/vestido_corto_manga_sisa/r7dhbqatjguvetlvjek1.jpg','3391345400_2_1_8.jpg',1,'main',34),(171,'http://res.cloudinary.com/dhqfopwka/image/upload/v1715426295/Shopping/product/vestido_corto_manga_sisa/dlikebbjofg0uhckxvan.jpg','3391345400_2_2_8.jpg',2,'secondary',34),(172,'http://res.cloudinary.com/dhqfopwka/image/upload/v1715426296/Shopping/product/vestido_corto_manga_sisa/etthslu4avsudplth74e.jpg','3391345400_2_3_8.jpg',3,'additional',34),(173,'http://res.cloudinary.com/dhqfopwka/image/upload/v1715426297/Shopping/product/vestido_corto_manga_sisa/xpr5a4gfxmsoqw999m9h.jpg','3391345400_2_4_8.jpg',4,'additional',34),(174,'http://res.cloudinary.com/dhqfopwka/image/upload/v1715426298/Shopping/product/vestido_corto_manga_sisa/uaj3w7r0vjt4ji7v36iz.jpg','3391345400_2_6_8.jpg',5,'additional',34),(185,'http://res.cloudinary.com/dhqfopwka/image/upload/v1715427562/Shopping/product/cu%C3%B1as_plataforma_crochet/ofojogtk458kf8qahnnb.jpg','1813340002_2_1_8.jpg',1,'main',37),(186,'http://res.cloudinary.com/dhqfopwka/image/upload/v1715427563/Shopping/product/cu%C3%B1as_plataforma_crochet/i5jna8sdp4naiihvwpxm.jpg','1813340002_2_2_8.jpg',2,'secondary',37),(187,'http://res.cloudinary.com/dhqfopwka/image/upload/v1715427564/Shopping/product/cu%C3%B1as_plataforma_crochet/icwftua3ctnsjyidtllp.jpg','1813340002_2_3_8.jpg',3,'additional',37),(188,'http://res.cloudinary.com/dhqfopwka/image/upload/v1715427565/Shopping/product/cu%C3%B1as_plataforma_crochet/fedsuf7nscberh6aw6vj.jpg','1813340002_2_4_8.jpg',4,'additional',37),(189,'http://res.cloudinary.com/dhqfopwka/image/upload/v1715427566/Shopping/product/cu%C3%B1as_plataforma_crochet/mv8a8j2xqekgjwcoyi21.jpg','1813340002_2_5_8.jpg',5,'additional',37),(190,'http://res.cloudinary.com/dhqfopwka/image/upload/v1715428240/Shopping/product/cu%C3%B1as_tiras_piel/zik95zgakqxcgbxjwrnx.jpg','1800440100_2_2_8.jpg',1,'main',38),(191,'http://res.cloudinary.com/dhqfopwka/image/upload/v1715428242/Shopping/product/cu%C3%B1as_tiras_piel/i17dgdbzmaf41xcrp952.jpg','1800440100_2_3_8.jpg',2,'secondary',38),(192,'http://res.cloudinary.com/dhqfopwka/image/upload/v1715428243/Shopping/product/cu%C3%B1as_tiras_piel/wua2mue0akbqu8sism7o.jpg','1800440100_2_1_8.jpg',3,'additional',38),(193,'http://res.cloudinary.com/dhqfopwka/image/upload/v1715428244/Shopping/product/cu%C3%B1as_tiras_piel/krcbdngtw2pbrvppvjjj.jpg','1800440100_2_4_8.jpg',4,'additional',38),(194,'http://res.cloudinary.com/dhqfopwka/image/upload/v1715428246/Shopping/product/cu%C3%B1as_tiras_piel/i8nx5wfjpbxv1839uea9.jpg','1800440100_2_5_8.jpg',5,'additional',38),(195,'http://res.cloudinary.com/dhqfopwka/image/upload/v1715428580/Shopping/product/bailarinas_yute/z4cn7d7m0zzd5f3pxd1p.jpg','1430340002_2_1_8.jpg',1,'main',39),(196,'http://res.cloudinary.com/dhqfopwka/image/upload/v1715428582/Shopping/product/bailarinas_yute/jj7xzpimqeyqj2dmzyvs.jpg','1430340002_2_2_8.jpg',2,'secondary',39),(197,'http://res.cloudinary.com/dhqfopwka/image/upload/v1715428584/Shopping/product/bailarinas_yute/tehugw33pchxd0ybgdue.jpg','1430340002_2_3_8.jpg',3,'additional',39),(198,'http://res.cloudinary.com/dhqfopwka/image/upload/v1715428586/Shopping/product/bailarinas_yute/kvrhdhrgppbrewi3bhrd.jpg','1430340002_2_4_8.jpg',4,'additional',39),(199,'http://res.cloudinary.com/dhqfopwka/image/upload/v1715428587/Shopping/product/bailarinas_yute/yqsdwb4xpvqgapkhna4a.jpg','1430340002_2_5_8.jpg',5,'additional',39),(200,'http://res.cloudinary.com/dhqfopwka/image/upload/v1715428947/Shopping/product/cu%C3%B1as_yute_pulsera/mknd2tdjr1n7n22ttk2x.jpg','1812340002_2_1_8.jpg',1,'main',40),(201,'http://res.cloudinary.com/dhqfopwka/image/upload/v1715428949/Shopping/product/cu%C3%B1as_yute_pulsera/ej4vv0j6rf9n6ytga3fm.jpg','1812340002_2_2_8.jpg',2,'secondary',40),(202,'http://res.cloudinary.com/dhqfopwka/image/upload/v1715428951/Shopping/product/cu%C3%B1as_yute_pulsera/gabhtqcaruy5thaec3ki.jpg','1812340002_2_3_8.jpg',3,'additional',40),(203,'http://res.cloudinary.com/dhqfopwka/image/upload/v1715428953/Shopping/product/cu%C3%B1as_yute_pulsera/hhuusforwpdy7tqmbqnd.jpg','1812340002_2_4_8.jpg',4,'additional',40),(204,'http://res.cloudinary.com/dhqfopwka/image/upload/v1715428955/Shopping/product/cu%C3%B1as_yute_pulsera/xsak3aby8phfjb0w0p2m.jpg','1812340002_2_5_8.jpg',5,'additional',40),(205,'http://res.cloudinary.com/dhqfopwka/image/upload/v1715429333/Shopping/product/sandalia_cu%C3%B1a_vinilo/wpshrqm6bfrhezxbdd6b.jpg','12284110111-e1.jpg',1,'main',41),(206,'http://res.cloudinary.com/dhqfopwka/image/upload/v1715429336/Shopping/product/sandalia_cu%C3%B1a_vinilo/rovedcveusilpwgffxqb.jpg','12284110111-e2.jpg',2,'secondary',41),(207,'http://res.cloudinary.com/dhqfopwka/image/upload/v1715429338/Shopping/product/sandalia_cu%C3%B1a_vinilo/pbkzizcylybygaiimkiv.jpg','12284110111-e3.jpg',3,'additional',41),(208,'http://res.cloudinary.com/dhqfopwka/image/upload/v1715429339/Shopping/product/sandalia_cu%C3%B1a_vinilo/qpe6idpd2yibfxpr6ogr.jpg','12284110111-e4.jpg',4,'additional',41),(209,'http://res.cloudinary.com/dhqfopwka/image/upload/v1715429341/Shopping/product/sandalia_cu%C3%B1a_vinilo/jtqtcp3ek9c500v4rdnf.jpg','12284110111-e5.jpg',5,'additional',41),(210,'http://res.cloudinary.com/dhqfopwka/image/upload/v1715430605/Shopping/product/sandalia_cu%C3%B1a_tiras/cliu9hfi4cnms1xydnak.jpg','77000261_CU.jpg',1,'main',46),(211,'http://res.cloudinary.com/dhqfopwka/image/upload/v1715430607/Shopping/product/sandalia_cu%C3%B1a_tiras/q4quvusmmtkosfbyoxp0.jpg','77000261_CU_B.jpg',2,'secondary',46),(212,'http://res.cloudinary.com/dhqfopwka/image/upload/v1715430608/Shopping/product/sandalia_cu%C3%B1a_tiras/kliiub8tybqekzpll9te.jpg','77000261_CU_D1.jpg',3,'additional',46),(213,'http://res.cloudinary.com/dhqfopwka/image/upload/v1715430610/Shopping/product/sandalia_cu%C3%B1a_tiras/kwblm8gtfhmffffcaedg.jpg','77000261_CU_D2.jpg',4,'additional',46),(214,'http://res.cloudinary.com/dhqfopwka/image/upload/v1715430612/Shopping/product/sandalia_cu%C3%B1a_tiras/kavfyotnlpiiuwcq4ruo.jpg','77000261_CU_D5.jpg',5,'additional',46),(215,'http://res.cloudinary.com/dhqfopwka/image/upload/v1715431473/Shopping/product/sandalia_cu%C3%B1a_hebilla/q3ijev78keb3ygdeubvr.jpg','67067699_99_B.jpg',3,'additional',47),(216,'http://res.cloudinary.com/dhqfopwka/image/upload/v1715431474/Shopping/product/sandalia_cu%C3%B1a_hebilla/sztyfvunfgqvgr0ulwsv.jpg','67067699_99_D1.jpg',2,'secondary',47),(217,'http://res.cloudinary.com/dhqfopwka/image/upload/v1715431476/Shopping/product/sandalia_cu%C3%B1a_hebilla/la0oenvje3cnwrkqcz7v.jpg','67067699_99_D2.jpg',4,'additional',47),(218,'http://res.cloudinary.com/dhqfopwka/image/upload/v1715431477/Shopping/product/sandalia_cu%C3%B1a_hebilla/kb1sjubfrq2cttjcbu1n.jpg','67067699_99_D5.jpg',5,'additional',47),(219,'http://res.cloudinary.com/dhqfopwka/image/upload/v1715431479/Shopping/product/sandalia_cu%C3%B1a_hebilla/jqqo89vc10kokdwgbsms.jpg','67067699_99.jpg',1,'main',47),(220,'http://res.cloudinary.com/dhqfopwka/image/upload/v1715432517/Shopping/product/sandalia_cu%C3%B1a_destalonada/lkbhcghtfukgcpv28qqf.jpg','77040292_05.jpg',1,'main',48),(221,'http://res.cloudinary.com/dhqfopwka/image/upload/v1715432518/Shopping/product/sandalia_cu%C3%B1a_destalonada/nivtagj2mw8ewe7qn5rm.jpg','77040292_05_B.jpg',3,'additional',48),(222,'http://res.cloudinary.com/dhqfopwka/image/upload/v1715432520/Shopping/product/sandalia_cu%C3%B1a_destalonada/bhctt89fj6loofwgtbbr.jpg','77040292_05_D1.jpg',2,'secondary',48),(223,'http://res.cloudinary.com/dhqfopwka/image/upload/v1715432521/Shopping/product/sandalia_cu%C3%B1a_destalonada/lxztvh4nssdoddh9tetx.jpg','77040292_05_D2.jpg',4,'additional',48),(224,'http://res.cloudinary.com/dhqfopwka/image/upload/v1715432523/Shopping/product/sandalia_cu%C3%B1a_destalonada/g2spcekejunixclvbtyk.jpg','77040292_05_D5.jpg',5,'additional',48);
/*!40000 ALTER TABLE `product_image` ENABLE KEYS */;
UNLOCK TABLES;

--
-- Table structure for table `product_size`
--

DROP TABLE IF EXISTS `product_size`;
/*!40101 SET @saved_cs_client     = @@character_set_client */;
/*!50503 SET character_set_client = utf8mb4 */;
CREATE TABLE `product_size` (
  `id` bigint NOT NULL AUTO_INCREMENT,
  `label` varchar(255) DEFAULT NULL,
  `size_type` enum('CLOTHING','SHOES') DEFAULT NULL,
  PRIMARY KEY (`id`)
) ENGINE=InnoDB AUTO_INCREMENT=14 DEFAULT CHARSET=utf8mb4 COLLATE=utf8mb4_0900_ai_ci;
/*!40101 SET character_set_client = @saved_cs_client */;

--
-- Dumping data for table `product_size`
--

LOCK TABLES `product_size` WRITE;
/*!40000 ALTER TABLE `product_size` DISABLE KEYS */;
INSERT INTO `product_size` VALUES (1,'XS','CLOTHING'),(2,'S','CLOTHING'),(3,'M','CLOTHING'),(4,'L','CLOTHING'),(5,'XL','CLOTHING'),(6,'35','SHOES'),(7,'36','SHOES'),(8,'37','SHOES'),(9,'38','SHOES'),(10,'39','SHOES'),(11,'40','SHOES'),(12,'41','SHOES'),(13,'42','SHOES');
/*!40000 ALTER TABLE `product_size` ENABLE KEYS */;
UNLOCK TABLES;

--
-- Table structure for table `product_sub_category`
--

DROP TABLE IF EXISTS `product_sub_category`;
/*!40101 SET @saved_cs_client     = @@character_set_client */;
/*!50503 SET character_set_client = utf8mb4 */;
CREATE TABLE `product_sub_category` (
  `id` bigint NOT NULL AUTO_INCREMENT,
  `created_at` datetime(6) DEFAULT NULL,
  `description` varchar(255) DEFAULT NULL,
  `name` varchar(255) DEFAULT NULL,
  `sub_category_image` varchar(255) DEFAULT NULL,
  `updated_at` datetime(6) DEFAULT NULL,
  `category_id` bigint DEFAULT NULL,
  PRIMARY KEY (`id`),
  KEY `FK3t4b3il6bqww7shaekrtifcoh` (`category_id`),
  CONSTRAINT `FK3t4b3il6bqww7shaekrtifcoh` FOREIGN KEY (`category_id`) REFERENCES `product_category` (`id`)
) ENGINE=InnoDB AUTO_INCREMENT=30 DEFAULT CHARSET=utf8mb4 COLLATE=utf8mb4_0900_ai_ci;
/*!40101 SET character_set_client = @saved_cs_client */;

--
-- Dumping data for table `product_sub_category`
--

LOCK TABLES `product_sub_category` WRITE;
/*!40000 ALTER TABLE `product_sub_category` DISABLE KEYS */;
INSERT INTO `product_sub_category` VALUES (1,'2024-05-10 16:00:03.313698','asd','De vestir','http://res.cloudinary.com/dhqfopwka/image/upload/v1715349602/Shopping/productCategoryde_vestir/de%20vestir%201.jpg.jpg','2024-05-10 16:00:03.313698',1),(2,'2024-05-10 16:06:44.720676','asd','Fluidos','http://res.cloudinary.com/dhqfopwka/image/upload/v1715350003/Shopping/productCategoryfluidos/fluidos%201.jpg.jpg','2024-05-10 16:06:44.720676',1),(3,'2024-05-10 16:08:19.431454','asd','Cargo','http://res.cloudinary.com/dhqfopwka/image/upload/v1715350098/Shopping/productCategorycargo/cargo%201.jpg.jpg','2024-05-10 16:08:19.431454',1),(4,'2024-05-10 16:10:24.921739','asd','Rectos','http://res.cloudinary.com/dhqfopwka/image/upload/v1715350224/Shopping/productCategoryrectos/rectos%201.jpg.jpg','2024-05-10 16:10:24.921739',1),(5,'2024-05-10 16:12:55.993701','asd','Joggers','http://res.cloudinary.com/dhqfopwka/image/upload/v1715350374/Shopping/productCategoryjoggers/joggers%201.jpg.jpg','2024-05-10 16:12:55.993701',1),(6,'2024-05-10 16:14:30.589710','asd','Campana','http://res.cloudinary.com/dhqfopwka/image/upload/v1715350469/Shopping/productCategorycampana/campana%201.jpg.jpg','2024-05-10 16:14:30.589710',1),(7,'2024-05-10 16:19:56.580514','asd','Largos','http://res.cloudinary.com/dhqfopwka/image/upload/v1715350795/Shopping/productCategorylargos/largos%202.jpg.jpg','2024-05-10 16:19:56.580514',2),(8,'2024-05-10 16:21:56.683858','asd','Cortos','http://res.cloudinary.com/dhqfopwka/image/upload/v1715350916/Shopping/productCategorycortos/cortos%202.jpg.jpg','2024-05-10 16:21:56.683858',2),(9,'2024-05-10 16:31:36.717505','asd','Fiesta','http://res.cloudinary.com/dhqfopwka/image/upload/v1715351496/Shopping/productCategoryfiesta/fiesta%202.jpg.jpg','2024-05-10 16:31:36.717505',2),(10,'2024-05-10 16:35:20.814125','asd','Negros','http://res.cloudinary.com/dhqfopwka/image/upload/v1715351720/Shopping/productCategorynegros/negros%202.jpg.jpg','2024-05-10 16:35:20.814125',2),(11,'2024-05-10 16:37:33.624039','asd','Espalda descubierta','http://res.cloudinary.com/dhqfopwka/image/upload/v1715351852/Shopping/productCategoryespalda_descubierta/espalda%20descubierta%202.jpg.jpg','2024-05-10 16:37:33.624039',2),(12,'2024-05-10 16:42:42.633463','asd','Fiesta','http://res.cloudinary.com/dhqfopwka/image/upload/v1715352161/Shopping/productCategoryfiesta/fiesta.jpg.jpg','2024-05-10 16:42:42.633463',3),(13,'2024-05-10 16:44:15.810842','asd','Tank tops','http://res.cloudinary.com/dhqfopwka/image/upload/v1715352255/Shopping/productCategorytank_tops/tank.jpg.jpg','2024-05-10 16:44:15.810842',3),(14,'2024-05-10 16:46:07.371227','asd','Bodies','http://res.cloudinary.com/dhqfopwka/image/upload/v1715352366/Shopping/productCategorybodies/bod.jpg.jpg','2024-05-10 16:46:07.371227',3),(15,'2024-05-10 16:47:33.364436','asd','Manga larga','http://res.cloudinary.com/dhqfopwka/image/upload/v1715352452/Shopping/productCategorymanga_larga/manga%20larga.jpg.jpg','2024-05-10 16:47:33.364436',3),(16,'2024-05-10 16:49:40.825699','asd','Hombros descubiertos','http://res.cloudinary.com/dhqfopwka/image/upload/v1715352580/Shopping/productCategoryhombros_descubiertos/hombros.jpg.jpg','2024-05-10 16:49:40.825699',3),(17,'2024-05-10 16:57:39.655304','asd','Mini','http://res.cloudinary.com/dhqfopwka/image/upload/v1715353058/Shopping/productCategorymini/mini.jpg.jpg','2024-05-10 16:57:39.655304',4),(18,'2024-05-10 16:59:12.536588','asd','Midi','http://res.cloudinary.com/dhqfopwka/image/upload/v1715353151/Shopping/productCategorymidi/midi.jpg.jpg','2024-05-10 16:59:12.536588',4),(19,'2024-05-10 17:02:55.034327','asd','Denim','http://res.cloudinary.com/dhqfopwka/image/upload/v1715353374/Shopping/productCategorydenim/denim.jpg.jpg','2024-05-10 17:02:55.034327',4),(21,'2024-05-10 17:10:56.832501','asd','Falda pantalón','http://res.cloudinary.com/dhqfopwka/image/upload/v1715353856/Shopping/productCategoryfalda_pantal%C3%B3n/fp.jpg.jpg','2024-05-10 17:10:56.832501',4),(22,'2024-05-10 17:16:26.157375','asd','plisadas','http://res.cloudinary.com/dhqfopwka/image/upload/v1715354185/Shopping/productCategoryplisadas/pli.jpg.jpg','2024-05-10 17:16:26.157375',4),(23,'2024-05-10 17:18:45.149678','asd','satinadas','http://res.cloudinary.com/dhqfopwka/image/upload/v1715354324/Shopping/productCategorysatinadas/plisada.jpg.jpg','2024-05-10 17:18:45.149678',4),(24,'2024-05-10 17:31:49.727682','asd','cuña','http://res.cloudinary.com/dhqfopwka/image/upload/v1715355109/Shopping/productCategorycu%C3%B1a/cu%C3%B1a.jpg.jpg','2024-05-10 17:31:49.728680',5),(25,'2024-05-10 17:33:07.340546','asd','alpargatas','http://res.cloudinary.com/dhqfopwka/image/upload/v1715355186/Shopping/productCategoryalpargatas/alp.jpg.jpg','2024-05-10 17:33:07.340546',5),(26,'2024-05-10 17:34:42.065225','asd','sandalias de tacón','http://res.cloudinary.com/dhqfopwka/image/upload/v1715355281/Shopping/productCategorysandalias_de_tac%C3%B3n/tacon.jpg.jpg','2024-05-10 17:34:42.065225',5),(27,'2024-05-10 17:35:52.961736','asd','zapatillas','http://res.cloudinary.com/dhqfopwka/image/upload/v1715355352/Shopping/productCategoryzapatillas/1306340131_2_1_8.jpg.jpg','2024-05-10 17:35:52.961736',5),(28,'2024-05-10 17:36:46.990296','asd','sandalias planas','http://res.cloudinary.com/dhqfopwka/image/upload/v1715355406/Shopping/productCategorysandalias_planas/1710440202_2_1_8.jpg.jpg','2024-05-10 17:36:46.990296',5),(29,'2024-05-10 17:42:03.965404','asd','botas cowboy','http://res.cloudinary.com/dhqfopwka/image/upload/v1715355723/Shopping/productCategorybotas_cowboy/1274040040_2_1_8.jpg.jpg','2024-05-10 17:42:03.965404',5);
/*!40000 ALTER TABLE `product_sub_category` ENABLE KEYS */;
UNLOCK TABLES;

--
-- Table structure for table `product_variant`
--

DROP TABLE IF EXISTS `product_variant`;
/*!40101 SET @saved_cs_client     = @@character_set_client */;
/*!50503 SET character_set_client = utf8mb4 */;
CREATE TABLE `product_variant` (
  `id` bigint NOT NULL AUTO_INCREMENT,
  `stock` int DEFAULT NULL,
  `product_id` bigint DEFAULT NULL,
  `size_id` bigint DEFAULT NULL,
  PRIMARY KEY (`id`),
  KEY `FKgrbbs9t374m9gg43l6tq1xwdj` (`product_id`),
  KEY `FKcgktoglj4jr9467e1x6pix4ym` (`size_id`),
  CONSTRAINT `FKcgktoglj4jr9467e1x6pix4ym` FOREIGN KEY (`size_id`) REFERENCES `product_size` (`id`),
  CONSTRAINT `FKgrbbs9t374m9gg43l6tq1xwdj` FOREIGN KEY (`product_id`) REFERENCES `product` (`id`)
) ENGINE=InnoDB AUTO_INCREMENT=243 DEFAULT CHARSET=utf8mb4 COLLATE=utf8mb4_0900_ai_ci;
/*!40101 SET character_set_client = @saved_cs_client */;

--
-- Dumping data for table `product_variant`
--

LOCK TABLES `product_variant` WRITE;
/*!40000 ALTER TABLE `product_variant` DISABLE KEYS */;
INSERT INTO `product_variant` VALUES (7,1,3,1),(8,1,3,2),(9,2,3,3),(10,1,3,4),(11,2,3,5),(12,1,4,1),(13,2,4,2),(14,3,4,3),(15,1,4,4),(16,1,4,5),(17,1,5,1),(18,2,5,2),(19,3,5,3),(20,1,5,4),(21,4,5,5),(22,1,6,1),(23,2,6,2),(24,3,6,3),(25,1,6,4),(26,3,6,5),(27,1,7,1),(28,2,7,2),(29,3,7,3),(30,1,7,4),(31,2,7,5),(32,1,8,1),(33,2,8,2),(34,1,8,3),(35,3,8,4),(36,112,8,5),(37,1,9,1),(38,2,9,2),(39,1,9,3),(40,3,9,4),(41,3,9,5),(42,1,10,1),(43,2,10,2),(44,3,10,3),(45,3,10,4),(46,3,10,5),(47,1,11,1),(48,2,11,2),(49,3,11,3),(50,2,11,4),(51,3,11,5),(52,1,12,1),(53,3,12,2),(54,2,12,3),(55,1,12,4),(56,4,12,5),(57,1,13,1),(58,2,13,2),(59,3,13,3),(60,1,13,4),(61,4,13,5),(62,1,14,1),(63,3,14,2),(64,4,14,3),(65,2,14,4),(66,31,14,5),(67,1,15,1),(68,2,15,2),(69,31,15,3),(70,12,15,4),(71,12,15,5),(72,1,16,1),(73,2,16,2),(74,3,16,3),(75,112,16,4),(76,21,16,5),(77,1,17,1),(78,2,17,2),(79,3,17,3),(80,1,17,4),(81,3,17,5),(82,1,18,1),(83,2,18,2),(84,3,18,3),(85,4,18,4),(86,12,18,5),(87,7,19,1),(88,2,19,2),(89,3,19,3),(90,3,19,4),(91,4,19,5),(92,1,20,1),(93,1,20,2),(94,1,20,3),(95,2,20,4),(96,1,20,5),(97,2,21,1),(98,2,21,2),(99,2,21,3),(100,2,21,4),(101,2,21,5),(102,1,22,1),(103,1,22,2),(104,1,22,3),(105,1,22,4),(106,1,22,5),(107,1,23,1),(108,2,23,2),(109,1,23,3),(110,1,23,4),(111,1,23,5),(112,1,24,1),(113,2,24,2),(114,2,24,3),(115,2,24,4),(116,2,24,5),(117,1,25,1),(118,2,25,2),(119,3,25,3),(120,4,25,4),(121,2,25,5),(122,1,26,1),(123,2,26,2),(124,3,26,3),(125,1,26,4),(126,12,26,5),(127,12,27,1),(128,21,27,2),(129,11,27,3),(130,12,27,4),(131,312,27,5),(132,12,28,1),(133,21,28,2),(134,12,28,3),(135,12,28,4),(136,12,28,5),(137,12,29,1),(138,12,29,2),(139,312,29,3),(140,12,29,4),(141,12,29,5),(142,1,30,1),(143,1,30,2),(144,1,30,3),(145,1,30,4),(146,1,30,5),(147,1,31,1),(148,1,31,2),(149,1,31,3),(150,1,31,4),(151,1,31,5),(152,1,32,1),(153,1,32,2),(154,1,32,3),(155,1,32,4),(156,1,32,5),(157,2,33,1),(158,3,33,2),(159,3,33,3),(160,3,33,4),(161,3,33,5),(162,1,34,1),(163,1,34,2),(164,1,34,3),(165,1,34,4),(166,3,34,5),(179,12,37,6),(180,12,37,7),(181,12,37,8),(182,12,37,9),(183,12,37,10),(184,12,37,11),(185,12,37,12),(186,12,37,13),(187,12,38,6),(188,12,38,7),(189,12,38,8),(190,12,38,9),(191,12,38,10),(192,12,38,11),(193,12,38,12),(194,12,38,13),(195,12,39,6),(196,12,39,7),(197,12,39,8),(198,12,39,9),(199,12,39,10),(200,12,39,11),(201,2,39,12),(202,12,39,13),(203,12,40,6),(204,12,40,7),(205,12,40,8),(206,12,40,9),(207,12,40,10),(208,12,40,11),(209,12,40,12),(210,12,40,13),(211,1,41,6),(212,1,41,7),(213,12,41,8),(214,21,41,9),(215,12,41,10),(216,12,41,11),(217,12,41,12),(218,12,41,13),(219,112,46,6),(220,12,46,7),(221,12,46,8),(222,12,46,9),(223,12,46,10),(224,12,46,11),(225,2,46,12),(226,2,46,13),(227,12,47,6),(228,12,47,7),(229,12,47,8),(230,12,47,9),(231,12,47,10),(232,12,47,11),(233,12,47,12),(234,12,47,13),(235,12,48,6),(236,12,48,7),(237,12,48,8),(238,12,48,9),(239,12,48,10),(240,12,48,11),(241,12,48,12),(242,12,48,13);
/*!40000 ALTER TABLE `product_variant` ENABLE KEYS */;
UNLOCK TABLES;

--
-- Table structure for table `role`
--

DROP TABLE IF EXISTS `role`;
/*!40101 SET @saved_cs_client     = @@character_set_client */;
/*!50503 SET character_set_client = utf8mb4 */;
CREATE TABLE `role` (
  `id` int NOT NULL AUTO_INCREMENT,
  `name` enum('ROLE_USER','ROLE_ADMIN') DEFAULT NULL,
  PRIMARY KEY (`id`),
  UNIQUE KEY `UK_epk9im9l9q67xmwi4hbed25do` (`name`)
) ENGINE=InnoDB AUTO_INCREMENT=3 DEFAULT CHARSET=utf8mb4 COLLATE=utf8mb4_0900_ai_ci;
/*!40101 SET character_set_client = @saved_cs_client */;

--
-- Dumping data for table `role`
--

LOCK TABLES `role` WRITE;
/*!40000 ALTER TABLE `role` DISABLE KEYS */;
INSERT INTO `role` VALUES (2,'ROLE_USER'),(1,'ROLE_ADMIN');
/*!40000 ALTER TABLE `role` ENABLE KEYS */;
UNLOCK TABLES;

--
-- Table structure for table `token_blacklist`
--

DROP TABLE IF EXISTS `token_blacklist`;
/*!40101 SET @saved_cs_client     = @@character_set_client */;
/*!50503 SET character_set_client = utf8mb4 */;
CREATE TABLE `token_blacklist` (
  `token_id` bigint NOT NULL AUTO_INCREMENT,
  `date_added` datetime(6) NOT NULL,
  `token` varchar(255) NOT NULL,
  PRIMARY KEY (`token_id`)
) ENGINE=InnoDB AUTO_INCREMENT=2 DEFAULT CHARSET=utf8mb4 COLLATE=utf8mb4_0900_ai_ci;
/*!40101 SET character_set_client = @saved_cs_client */;

--
-- Dumping data for table `token_blacklist`
--

LOCK TABLES `token_blacklist` WRITE;
/*!40000 ALTER TABLE `token_blacklist` DISABLE KEYS */;
INSERT INTO `token_blacklist` VALUES (1,'2024-05-10 22:37:35.689894','eyJhbGciOiJIUzUxMiJ9.eyJzdWIiOiJhZG1pbiIsImV4cCI6MTcxNTQwODQ4OCwiaWF0IjoxNzE1MzQ4NDg4fQ.9ViLcjJEBDjUPsYqrZnEmLtHE6LTLkDvdDqI8V3G6gRzFeULnnielBmqCq6gxxLxstPKWFSnUXu8KIEwWfQmXw');
/*!40000 ALTER TABLE `token_blacklist` ENABLE KEYS */;
UNLOCK TABLES;

--
-- Table structure for table `users`
--

DROP TABLE IF EXISTS `users`;
/*!40101 SET @saved_cs_client     = @@character_set_client */;
/*!50503 SET character_set_client = utf8mb4 */;
CREATE TABLE `users` (
  `id` bigint NOT NULL AUTO_INCREMENT,
  `email` varchar(255) DEFAULT NULL,
  `is_online` bit(1) NOT NULL,
  `jwt_token` varchar(255) DEFAULT NULL,
  `password` varchar(255) DEFAULT NULL,
  `username` varchar(255) DEFAULT NULL,
  PRIMARY KEY (`id`)
) ENGINE=InnoDB AUTO_INCREMENT=2 DEFAULT CHARSET=utf8mb4 COLLATE=utf8mb4_0900_ai_ci;
/*!40101 SET character_set_client = @saved_cs_client */;

--
-- Dumping data for table `users`
--

LOCK TABLES `users` WRITE;
/*!40000 ALTER TABLE `users` DISABLE KEYS */;
INSERT INTO `users` VALUES (1,NULL,_binary '\0',NULL,'$2a$10$HtmJvBytAqAxN343Q79Qo.ggT4VO2K7/QpgpmoFM3L37IxuIVkOQK','admin');
/*!40000 ALTER TABLE `users` ENABLE KEYS */;
UNLOCK TABLES;

--
-- Table structure for table `users_roles`
--

DROP TABLE IF EXISTS `users_roles`;
/*!40101 SET @saved_cs_client     = @@character_set_client */;
/*!50503 SET character_set_client = utf8mb4 */;
CREATE TABLE `users_roles` (
  `users_id` bigint NOT NULL,
  `roles_id` int NOT NULL,
  PRIMARY KEY (`users_id`,`roles_id`),
  KEY `FK15d410tj6juko0sq9k4km60xq` (`roles_id`),
  CONSTRAINT `FK15d410tj6juko0sq9k4km60xq` FOREIGN KEY (`roles_id`) REFERENCES `role` (`id`),
  CONSTRAINT `FKml90kef4w2jy7oxyqv742tsfc` FOREIGN KEY (`users_id`) REFERENCES `users` (`id`)
) ENGINE=InnoDB DEFAULT CHARSET=utf8mb4 COLLATE=utf8mb4_0900_ai_ci;
/*!40101 SET character_set_client = @saved_cs_client */;

--
-- Dumping data for table `users_roles`
--

LOCK TABLES `users_roles` WRITE;
/*!40000 ALTER TABLE `users_roles` DISABLE KEYS */;
INSERT INTO `users_roles` VALUES (1,1);
/*!40000 ALTER TABLE `users_roles` ENABLE KEYS */;
UNLOCK TABLES;
/*!40103 SET TIME_ZONE=@OLD_TIME_ZONE */;

/*!40101 SET SQL_MODE=@OLD_SQL_MODE */;
/*!40014 SET FOREIGN_KEY_CHECKS=@OLD_FOREIGN_KEY_CHECKS */;
/*!40014 SET UNIQUE_CHECKS=@OLD_UNIQUE_CHECKS */;
/*!40101 SET CHARACTER_SET_CLIENT=@OLD_CHARACTER_SET_CLIENT */;
/*!40101 SET CHARACTER_SET_RESULTS=@OLD_CHARACTER_SET_RESULTS */;
/*!40101 SET COLLATION_CONNECTION=@OLD_COLLATION_CONNECTION */;
/*!40111 SET SQL_NOTES=@OLD_SQL_NOTES */;

-- Dump completed on 2024-05-11 15:13:40
